ID_PESSOA;NM_PESSOA
2;Shazam
3;Emerald Fisher
4;Jaburela
5;Shazam
6;Jaburela
7;Jaburela
8;Jaburela
9;Jaburela
10;Jaburela
11;Jaburela
12;Jaburela
13;Jaburela
14;Jaburela
15;Lily Hettinger DVM
16;Dr. Elliott Christiansen
17;Emmalee Klocko Jr.
18;Mr. Julia Breitenberg
19;Murphy Langworth
20;Stephany Orn
21;Dr. Gilda Wiza
22;Jeramy Muller
23;Samir Hills PhD
24;Hollie Heaney
25;Kory Lubowitz
26;Samara Waters
27;Gustave Doyle
28;Vernice Nicolas
29;Caroline Fadel
30;Judge Stanton
31;Mavis Turner
32;Antonietta O'Keefe
33;Timothy Bernier
34;Clementina Romaguera Sr.
35;Alison Wisoky
36;Solon Renner
37;Asia Halvorson
38;Alexanne Koelpin
39;Mr. Floy Wyman
40;Lily Hettinger DVM
41;Dr. Elliott Christiansen
42;Emmalee Klocko Jr.
43;Mr. Julia Breitenberg
44;Murphy Langworth
45;Stephany Orn
46;Dr. Gilda Wiza
47;Jeramy Muller
48;Samir Hills PhD
49;Hollie Heaney
50;Kory Lubowitz
51;Samara Waters
52;Gustave Doyle
53;Vernice Nicolas
54;Caroline Fadel
55;Judge Stanton
56;Mavis Turner
57;Antonietta O'Keefe
58;Timothy Bernier
59;Clementina Romaguera Sr.
60;Alison Wisoky
61;Solon Renner
62;Asia Halvorson
63;Alexanne Koelpin
64;Mr. Floy Wyman
